Make,Model,Year,Engine_Size,Mileage,Fuel_Type,Transmission,Price
Honda,Model B,2015,3.9,11.214209408058075,Petrol,Manual,30246.20793120509
Ford,Model C,2014,1.7,11.459524688243112,Electric,Automatic,22785.74768433136
BMW,Model B,2006,4.1,11.49665379649533,Electric,Manual,25760.290347165286
Honda,Model B,2015,2.6,11.395492368078132,Electric,Automatic,25638.00349070714
Honda,Model C,2004,3.4,11.838502853393598,Petrol,Automatic,21021.386657394465
Ford,Model C,2015,2.7,11.307904208415263,Electric,Manual,25509.93287629353
Audi,Model B,2000,1.3,12.097044300491385,Diesel,Manual,12268.206025234887
Audi,Model C,2018,2.0,12.015644317482284,Electric,Automatic,27783.73788099169
Honda,Model A,2004,4.4,10.346890499984685,Electric,Automatic,27392.17842052496
Ford,Model C,2006,4.4,10.646376824990888,Electric,Automatic,28434.53362361644
Audi,Model C,2018,2.1,10.774801838762809,Electric,Automatic,29404.954005061834
Ford,Model B,2021,4.5,10.615505553846324,Diesel,Manual,36811.01281668896
Ford,Model A,2004,4.0,11.457698126579794,Petrol,Automatic,25205.003959368507
Honda,Model D,2016,3.1,11.681562142825745,Diesel,Manual,27796.075501353043
Honda,Model D,2021,1.1,12.07103154243751,Diesel,Manual,23521.88168354501
Toyota,Model E,2007,4.2,11.301018545582007,Petrol,Manual,26493.183231202293
Audi,Model C,2000,3.0,12.05225107820612,Electric,Automatic,16626.379445014078
Audi,Model C,2001,4.0,11.686870368697013,Petrol,Automatic,21122.1891416249
Audi,Model A,2014,3.9,12.022390163096878,Petrol,Manual,21853.33258714576
BMW,Model D,2019,3.9,11.826903741620589,Diesel,Manual,34716.98001970374
Ford,Model E,2017,3.4,11.000348308165432,Petrol,Manual,32761.64549909444
Honda,Model A,2010,2.0,10.848268554809911,Electric,Manual,23469.161589430896
Audi,Model C,2009,2.2,12.015771335019947,Diesel,Automatic,20093.070808766803
Toyota,Model D,2003,2.1,11.03083306002711,Electric,Manual,18920.31855483959
Audi,Model E,2004,1.1,10.625975064872742,Diesel,Automatic,20152.09690167459
Ford,Model B,2003,3.0,10.604578100850384,Electric,Automatic,21520.12291774841
Ford,Model D,2012,3.4,12.032260778403629,Petrol,Automatic,23293.130308719145
Honda,Model E,2012,4.0,11.728673738501374,Petrol,Automatic,23633.389547739884
BMW,Model A,2017,1.5,10.590616660770511,Petrol,Manual,29288.89578862573
Honda,Model B,2001,2.9,9.711055051991444,Electric,Automatic,25839.54216182566
Audi,Model E,2015,1.0,10.165467127635536,Diesel,Manual,25546.58880083276
Toyota,Model E,2000,1.3,11.961711841809333,Diesel,Automatic,14089.788408398124
Honda,Model C,2018,1.2,11.670236858760015,Diesel,Manual,22788.321295955186
BMW,Model D,2008,3.5,11.106129471627069,Petrol,Manual,27694.611928539816
Honda,Model C,2002,1.3,11.563922715541132,Electric,Manual,15961.213902875084
Ford,Model B,2006,3.5,11.990227396697076,Diesel,Manual,22519.39025009384
Audi,Model E,2009,1.9,11.40646434386837,Electric,Manual,19181.81635933002
Audi,Model C,2000,4.1,12.053573933785296,Diesel,Automatic,16604.498169800227
Audi,Model D,2009,3.8,11.558663356644082,Petrol,Manual,23648.417357426908
Audi,Model B,2020,4.4,10.064032034093815,Electric,Automatic,37032.60751681
Audi,Model A,2008,4.1,11.144943985233718,Diesel,Manual,28849.579398883176
Audi,Model C,2014,4.3,12.135296041280258,Diesel,Automatic,25844.62473356537
Toyota,Model B,2014,4.0,10.310584661539417,Diesel,Automatic,31479.64694321859
BMW,Model A,2002,3.4,11.806624399746841,Diesel,Automatic,14502.975868116162
Audi,Model C,2004,1.6,11.798923620429267,Petrol,Manual,17622.004589515123
BMW,Model B,2008,2.0,10.48612207904855,Diesel,Automatic,26785.398168634143
Audi,Model B,2021,1.7,12.158808067062871,Diesel,Manual,28722.71774326649
Honda,Model C,2008,3.1,11.904947282270538,Petrol,Manual,20951.40955857868
Audi,Model B,2006,2.8,11.771389827002036,Diesel,Automatic,19794.718978131823
Ford,Model E,2011,4.0,11.00551068432632,Electric,Automatic,30130.309562576305
Toyota,Model C,2008,4.3,10.399554805326574,Electric,Manual,29445.48311355711
Honda,Model B,2005,2.4,11.313791366116371,Diesel,Manual,24753.59681452641
Honda,Model A,2001,2.8,9.976691544794544,Petrol,Manual,22407.72268350372
Ford,Model A,2008,4.4,11.905859047138904,Petrol,Manual,23895.75456201794
Audi,Model E,2016,2.0,10.045551191799596,Petrol,Manual,31599.826148544693
Toyota,Model C,2000,3.8,11.153446593698762,Diesel,Manual,23726.57862526377
Honda,Model B,2018,1.8,11.17780231791831,Diesel,Automatic,30346.21534351605
Toyota,Model B,2005,3.4,11.402809214265503,Electric,Manual,22948.26789714067
Honda,Model A,2004,1.9,11.847631857692123,Petrol,Manual,20338.96900473741
Audi,Model E,2001,4.1,11.1127762026843,Diesel,Automatic,21021.26925344609
Honda,Model A,2008,3.0,9.905685136079615,Diesel,Automatic,24750.2393770552
Honda,Model A,2013,1.7,7.791522819150732,Diesel,Automatic,31337.129832918512
BMW,Model E,2003,1.8,12.144011054267494,Petrol,Manual,14716.4991509295
Audi,Model C,2003,2.7,11.710398325531527,Petrol,Automatic,21650.08173175999
Ford,Model B,2020,4.4,11.53076538309856,Electric,Automatic,32908.9919162183
Ford,Model C,2014,3.7,11.906405707295256,Petrol,Manual,25975.3181829386
Audi,Model D,2007,2.7,12.070006614851389,Diesel,Manual,16516.158281751552
Ford,Model D,2003,2.2,12.180457357405619,Electric,Manual,15099.270863365697
Audi,Model D,2015,2.9,12.079845937190962,Petrol,Manual,26209.114472633504
Ford,Model E,2020,3.6,10.961295207644392,Petrol,Automatic,33433.34058814334
BMW,Model A,2003,3.7,11.665371836145363,Petrol,Manual,23440.80639148045
Ford,Model C,2015,2.1,11.270828425738932,Petrol,Automatic,28083.89791878724
Honda,Model B,2021,3.5,11.59553717761517,Diesel,Manual,29044.03396667674
Audi,Model D,2011,3.3,11.831815464546203,Petrol,Automatic,25936.31066350544
Toyota,Model C,2015,4.4,11.013583649145524,Diesel,Manual,31637.942553880304
Toyota,Model D,2018,4.3,11.036710585787613,Diesel,Manual,32975.09518341061
Audi,Model D,2007,3.8,11.996480606292687,Diesel,Manual,26186.290378010654
BMW,Model B,2005,3.5,9.702655732983077,Electric,Automatic,28876.60673366304
Ford,Model E,2009,2.0,12.103391869494107,Diesel,Automatic,17198.895951445586
BMW,Model A,2004,4.0,11.327065655937995,Petrol,Automatic,24977.176126019443
Toyota,Model E,2017,2.5,8.012349639327795,Electric,Manual,32422.38985271645
Audi,Model C,2009,2.0,11.365144455650647,Petrol,Automatic,26559.13630867799
Audi,Model E,2009,2.3,12.161059589099773,Diesel,Manual,18619.12116092821
BMW,Model C,2006,3.9,12.11188283787452,Petrol,Manual,25114.947306661936
BMW,Model C,2017,1.5,12.151304901173107,Electric,Manual,18439.53460515992
Ford,Model A,2000,2.6,11.102261868103218,Electric,Automatic,20819.294492658613
Honda,Model B,2006,2.7,10.34586301466439,Petrol,Manual,24317.93911560689
Honda,Model A,2020,1.1,11.807600529358972,Petrol,Automatic,23496.94278916075
Ford,Model E,2000,1.7,11.226429355652742,Petrol,Manual,17699.356990781285
Honda,Model C,2014,3.9,12.057416012417704,Electric,Manual,23758.786640002247
Toyota,Model D,2003,3.9,12.105074821700226,Diesel,Manual,22721.04360997124
Honda,Model D,2019,2.0,10.371050706242503,Petrol,Automatic,33749.07065768503
Ford,Model C,2009,4.1,8.465268118551318,Diesel,Automatic,32267.989022928246
Honda,Model A,2008,3.7,11.13511443364388,Electric,Manual,26024.54621022126
Audi,Model B,2001,2.5,11.087528021154112,Petrol,Automatic,19866.033914444622
BMW,Model A,2013,3.6,12.108559039965296,Petrol,Automatic,25112.76748295554
Toyota,Model C,2015,4.4,12.102338584255811,Electric,Manual,26885.701902472352
Audi,Model C,2000,2.6,11.303832736878679,Petrol,Manual,19853.79809280083
Audi,Model B,2001,1.8,10.001702600033083,Diesel,Automatic,23079.23601460086
Ford,Model E,2006,4.3,11.670928714112977,Electric,Manual,26526.341081820985
BMW,Model E,2009,3.1,11.395424889418234,Electric,Manual,24946.26993994605
BMW,Model B,2021,1.4,11.276532020228442,Petrol,Automatic,26778.048174623844
Toyota,Model E,2019,3.0,12.084153568233818,Electric,Automatic,23005.61866634597
Ford,Model D,2000,2.8,11.81059004597529,Petrol,Manual,18367.763348682925
Toyota,Model E,2012,4.0,9.265301930050157,Petrol,Automatic,36806.29194626599
Honda,Model E,2000,2.9,10.814283214128304,Electric,Automatic,20092.42346009751
Audi,Model E,2004,1.9,11.36367111188047,Petrol,Manual,22692.238162068115
Toyota,Model D,2015,3.4,11.570637614359235,Diesel,Manual,26651.88768130642
Audi,Model E,2014,2.9,12.160096767539823,Diesel,Manual,21301.336928173827
Ford,Model D,2016,1.8,11.036275799671376,Petrol,Manual,29325.596960235664
Honda,Model B,2015,3.0,9.790486813448885,Diesel,Automatic,31096.38368667561
Ford,Model A,2012,3.9,9.236592743120248,Petrol,Automatic,32783.26959298096
Honda,Model B,2010,1.1,11.854939460497777,Diesel,Manual,19619.33951242473
Honda,Model A,2016,3.2,12.135392637342433,Electric,Manual,22734.554676473184
Audi,Model B,2016,2.2,11.042473735342512,Petrol,Manual,30066.6451118404
Ford,Model A,2001,2.0,11.419504499476208,Petrol,Manual,18822.83562553442
Ford,Model A,2012,2.4,12.175881443365943,Petrol,Automatic,17320.429502165516
Toyota,Model C,2013,2.2,10.930048726626888,Petrol,Automatic,25323.63196173479
Ford,Model A,2010,3.9,11.668945824428139,Petrol,Manual,19722.494305080218
Toyota,Model A,2009,2.0,11.589960577437083,Petrol,Manual,22203.63406434929
BMW,Model C,2002,3.6,10.738676682973242,Electric,Automatic,27502.93292669767
BMW,Model E,2016,1.3,10.61974072181055,Electric,Automatic,25459.000344440086
BMW,Model E,2014,4.3,11.647639907515146,Diesel,Automatic,30050.07651667699
Ford,Model C,2008,3.2,8.707978826622321,Petrol,Automatic,29958.63476812381
Ford,Model D,2009,3.5,12.072684099845398,Diesel,Manual,20245.044948824983
Toyota,Model A,2007,2.0,9.046055177668327,Diesel,Automatic,29148.868312636343
Honda,Model A,2020,2.4,11.045302998504885,Electric,Automatic,30122.279119550163
Toyota,Model C,2012,1.8,11.001199435961073,Diesel,Automatic,29623.28675967311
BMW,Model C,2017,4.3,12.126764251515691,Electric,Manual,23591.142061999555
Toyota,Model D,2004,2.7,10.352139855870828,Diesel,Manual,24295.578896817515
Honda,Model E,2005,3.2,11.36596719100225,Petrol,Automatic,23282.89595196669
Ford,Model B,2016,3.6,11.457476177975838,Diesel,Automatic,29388.52395735864
Toyota,Model E,2010,2.3,12.02235411342042,Electric,Manual,21711.01196857656
BMW,Model A,2019,3.5,9.241451367001236,Electric,Manual,41780.5046353258
BMW,Model C,2015,3.4,10.778310247916512,Electric,Automatic,31811.73230706952
Ford,Model D,2008,3.5,11.967764693696191,Diesel,Manual,22168.93048525096
Toyota,Model E,2001,2.7,9.11690842718363,Diesel,Automatic,22252.25095286496
Honda,Model D,2004,2.3,10.929206515683912,Electric,Manual,19030.73705469249
Ford,Model E,2000,1.8,8.261009786023827,Petrol,Automatic,24747.071662736176
Toyota,Model A,2003,3.9,11.302006883278588,Petrol,Automatic,23157.28168816858
Audi,Model B,2003,3.1,11.973150186169066,Diesel,Manual,23986.216706491232
BMW,Model D,2021,2.6,12.174416846126162,Diesel,Automatic,26748.07323677112
Honda,Model D,2002,4.3,12.1626169776014,Electric,Manual,19708.418946895927
Honda,Model B,2008,1.2,8.983690681332686,Diesel,Manual,25789.70779178422
Honda,Model D,2021,4.0,11.480464254814846,Diesel,Manual,33467.70353011093
BMW,Model D,2011,4.5,10.152376820268753,Electric,Automatic,30828.316109272462
Toyota,Model E,2009,4.1,10.950367854113885,Electric,Automatic,25348.2945923593
Ford,Model E,2001,3.8,10.062497833920736,Diesel,Automatic,24826.32974696832
Toyota,Model B,2010,2.3,12.038724426704706,Petrol,Manual,20104.287551612528
Ford,Model A,2009,1.8,8.249052274171293,Diesel,Automatic,25613.21539754382
Honda,Model D,2021,3.6,11.881221620291184,Petrol,Automatic,26901.532900080103
Toyota,Model A,2005,2.1,11.81306709377175,Petrol,Automatic,17453.37937007505
Honda,Model B,2017,1.6,11.858591027459628,Petrol,Automatic,25706.864933945883
Audi,Model B,2001,3.8,11.126762859116562,Electric,Manual,25198.14156878829
Honda,Model E,2001,2.1,11.978425216970505,Electric,Automatic,16078.81959180701
Honda,Model D,2009,4.2,9.260177606823355,Electric,Manual,32548.69585260059
Ford,Model C,2015,3.9,12.073215311391463,Diesel,Manual,23280.283064811338
Audi,Model B,2011,4.0,11.860832079217104,Electric,Manual,23828.70041649039
Honda,Model D,2000,3.7,11.570590417164627,Electric,Manual,21725.28014875638
Honda,Model A,2020,4.1,11.143816393822718,Diesel,Automatic,31734.282338134355
Audi,Model E,2007,3.8,11.18795680773243,Diesel,Automatic,26704.09649617642
Audi,Model A,2015,3.1,11.883488521069127,Petrol,Automatic,22932.250811894453
Toyota,Model B,2017,2.0,11.650781243943621,Diesel,Manual,22461.774141132773
Ford,Model B,2012,4.1,11.740419539021696,Diesel,Automatic,28394.95751208976
Audi,Model A,2014,3.9,11.091148031369759,Electric,Manual,32574.74170435552
Audi,Model B,2020,2.7,11.31738492108199,Petrol,Automatic,29026.45801218512
BMW,Model D,2011,1.1,11.234810811786502,Petrol,Automatic,19873.07483505823
Audi,Model B,2007,3.2,11.26452820618135,Diesel,Automatic,20583.0556219742
Ford,Model E,2009,1.2,10.002110421141213,Electric,Manual,28480.40029906886
Honda,Model D,2013,4.2,11.302401945012122,Electric,Automatic,30072.03170700992
Honda,Model C,2004,4.4,11.194742947070063,Electric,Manual,24946.713405663508
Honda,Model B,2017,1.7,12.08263301647244,Electric,Manual,21333.476872345043
Honda,Model B,2018,3.4,11.535283647580895,Diesel,Manual,25860.33549970213
BMW,Model E,2014,1.3,11.8286846599939,Electric,Automatic,22983.346947532464
Audi,Model E,2005,3.6,11.761814732702854,Petrol,Automatic,26287.265383770668
Honda,Model A,2010,2.2,10.33906147341461,Petrol,Manual,25288.685982241248
Toyota,Model A,2020,3.4,10.213505804833561,Diesel,Manual,39203.51407329373
Honda,Model A,2010,2.3,12.072832639020023,Electric,Manual,19614.6902010778
Audi,Model E,2019,1.5,10.054490426072656,Electric,Manual,33670.556257087344
Honda,Model A,2019,2.4,12.126249913660185,Electric,Manual,24681.69208859138
BMW,Model A,2020,1.4,11.282266241614355,Electric,Automatic,28442.26237800999
Ford,Model C,2017,3.0,10.442725690738797,Diesel,Automatic,35473.20148503057
Ford,Model A,2017,1.1,11.622515025598084,Electric,Automatic,25686.357877203704
Audi,Model B,2009,2.8,8.859931469616097,Diesel,Manual,29497.54615666564
Ford,Model E,2001,4.1,12.109027461476062,Electric,Manual,14742.226323856292
Ford,Model D,2008,3.9,11.580677567021047,Electric,Automatic,22435.13286828753
Toyota,Model C,2013,4.1,10.568595276064828,Petrol,Automatic,32672.45994803784
Audi,Model E,2018,4.2,12.053591404747102,Diesel,Manual,30749.866610742483
Audi,Model E,2009,1.4,11.99498735034763,Petrol,Manual,18459.902134492582
Ford,Model B,2003,1.5,10.177704374034338,Diesel,Manual,21001.94072224211
Ford,Model A,2005,2.9,10.055564655416477,Electric,Automatic,22457.45922165679
Ford,Model B,2013,4.1,11.750382093731535,Electric,Manual,25792.77988503244
BMW,Model A,2003,4.4,11.637441339667795,Diesel,Manual,23899.012258394072
Honda,Model A,2014,1.2,11.520943236563811,Petrol,Manual,21646.88669550848
BMW,Model E,2015,2.2,11.141876276228,Diesel,Automatic,25521.107459205068
Audi,Model A,2006,1.7,11.340712642324561,Diesel,Manual,21088.81547304672
Toyota,Model C,2016,3.6,12.171377675733288,Electric,Automatic,27437.87334024478
Honda,Model C,2018,3.2,11.082911483940652,Petrol,Manual,32516.98877577684
Toyota,Model C,2018,1.4,10.284181711652371,Diesel,Manual,29908.49357074024
Audi,Model E,2016,2.7,10.080838442676662,Petrol,Automatic,31582.972761520843
Audi,Model B,2005,3.4,11.34545311102648,Petrol,Manual,25173.40340471428
Toyota,Model D,2010,3.7,11.785453289650333,Diesel,Automatic,24613.38684843462
Toyota,Model A,2015,1.1,11.794903802005331,Petrol,Manual,21249.13676464303
Toyota,Model D,2007,4.1,11.088659727398346,Electric,Automatic,28905.18791851654
Audi,Model B,2010,3.0,11.169970259243295,Electric,Manual,26000.90943567536
Ford,Model B,2006,3.8,12.057798829725723,Electric,Automatic,18600.90519506473
Toyota,Model E,2021,3.8,11.97349725392333,Electric,Automatic,32061.750020259577
Honda,Model C,2018,1.7,12.11943029135234,Petrol,Manual,18490.145409903835
Audi,Model C,2009,1.4,11.118355785524026,Electric,Automatic,25966.84564913463
BMW,Model B,2008,3.5,11.18017628914914,Diesel,Manual,27428.21049301553
BMW,Model E,2003,1.5,11.82685260287019,Electric,Automatic,14717.798534521346
Honda,Model E,2014,4.0,9.747243015452291,Diesel,Manual,33193.20910777398
Ford,Model A,2012,3.5,10.946093704414498,Diesel,Manual,28305.723198605465
Toyota,Model C,2001,3.9,11.22539004843061,Electric,Manual,25164.951456710096
Audi,Model B,2001,2.0,10.392067567354799,Electric,Manual,23445.91250499211
Toyota,Model D,2015,2.1,11.175030216347524,Petrol,Automatic,28056.427042160187
Audi,Model C,2008,3.3,11.234625905427839,Diesel,Manual,27307.46616196713
BMW,Model A,2012,1.1,9.105535257610056,Electric,Manual,26520.13514982756
Toyota,Model E,2002,3.5,11.652852611089802,Petrol,Manual,24772.45019038796
Honda,Model B,2008,3.9,12.114160186928103,Electric,Manual,24125.41376691525
Ford,Model C,2012,2.5,10.15785841626691,Electric,Manual,27756.38856335729
Honda,Model D,2020,3.7,12.185793404671793,Electric,Automatic,28222.52343206645
Ford,Model A,2021,1.6,10.908631297879282,Diesel,Manual,31414.914571820114
Toyota,Model A,2001,2.1,8.886409166849282,Electric,Automatic,22818.87668942465
Toyota,Model C,2007,4.4,10.910843101765995,Petrol,Automatic,27885.18671150585
Ford,Model D,2008,4.5,11.700251146885641,Electric,Manual,28398.966023555608
BMW,Model A,2015,2.8,11.309449727943765,Electric,Manual,27991.21249394888
Audi,Model B,2001,4.3,12.098570950293682,Petrol,Automatic,19639.643780672908
Honda,Model A,2005,2.8,8.685077700412423,Petrol,Automatic,29606.55813092816
Honda,Model D,2021,2.0,11.629881492082632,Diesel,Automatic,32946.378001395686
Honda,Model E,2007,1.9,11.641265907897669,Diesel,Manual,19562.10010603887
Toyota,Model E,2004,4.3,11.445181812883709,Diesel,Automatic,24485.749498157784
Honda,Model C,2008,1.6,9.26558584620216,Diesel,Automatic,25819.65802388573
Audi,Model D,2000,3.0,10.555291769561691,Petrol,Manual,23274.52286547603
Audi,Model A,2008,2.9,5.768320995793772,Electric,Automatic,29536.759777223782
Ford,Model A,2009,3.6,11.407631613756946,Electric,Manual,25219.392983726
Toyota,Model E,2003,2.7,11.61720439592614,Electric,Automatic,17818.117960774347
Audi,Model E,2002,2.0,8.474703139795285,Diesel,Manual,27268.100489699496
BMW,Model B,2009,1.6,11.786016605616966,Petrol,Automatic,21354.115001607566
Toyota,Model E,2014,3.2,11.01916998048313,Petrol,Manual,28511.328533321022
Toyota,Model B,2010,3.5,12.073403738001284,Petrol,Manual,23116.726015841465
Audi,Model A,2013,3.0,11.392597944857194,Electric,Automatic,30732.80105190751
BMW,Model B,2005,3.6,9.966509298952284,Diesel,Manual,26058.956762448688
Ford,Model B,2011,1.5,11.234546649377918,Petrol,Automatic,24137.28042615392
Audi,Model C,2012,4.1,12.111860862267442,Diesel,Manual,21319.42051819694
BMW,Model E,2016,3.0,10.92611832018161,Petrol,Manual,29982.86675225236
Toyota,Model B,2015,1.4,12.163347800070177,Diesel,Manual,20951.49077222912
BMW,Model A,2002,2.6,11.40807592985072,Petrol,Manual,18468.303488089983
Toyota,Model D,2001,4.0,11.03330776832843,Diesel,Manual,24030.54726178305
Audi,Model B,2010,4.1,8.648922962094131,Petrol,Manual,33514.704599059834
Audi,Model E,2008,1.9,11.05272958215556,Petrol,Manual,24822.650264465177
Honda,Model C,2002,3.5,10.228357022355016,Diesel,Automatic,23300.93663814228
Honda,Model A,2017,1.3,12.169320482997144,Diesel,Automatic,21208.44974980448
Honda,Model C,2019,1.1,12.160813739124558,Electric,Manual,22259.987674374755
Audi,Model D,2014,3.0,11.706294110694246,Diesel,Manual,26149.371033372063
Ford,Model B,2013,3.4,12.081149807034071,Petrol,Manual,25653.078618633383
Audi,Model B,2001,3.8,12.031695448578136,Petrol,Automatic,17521.355362720617
BMW,Model E,2016,2.2,10.302364338567436,Diesel,Manual,30734.868925583025
Audi,Model B,2021,1.0,11.411247050937195,Electric,Automatic,24653.04942589353
Audi,Model A,2007,2.7,12.175494874316033,Diesel,Manual,14999.948313633242
Toyota,Model D,2009,1.1,12.161258317240332,Petrol,Manual,17700.457962430544
Toyota,Model C,2017,1.3,11.734363562825074,Petrol,Manual,23901.824940859657
Toyota,Model D,2018,2.1,11.084754519326426,Electric,Manual,28014.714857767805
Audi,Model B,2007,2.5,11.129437089665434,Diesel,Manual,21962.337971809284
Ford,Model C,2007,2.0,10.002246324559392,Petrol,Automatic,27050.454763526683
BMW,Model E,2002,3.0,11.314669629163797,Petrol,Manual,18883.221254734344
BMW,Model D,2002,1.2,9.13830716907635,Petrol,Automatic,23920.55493637738
Ford,Model C,2011,1.5,11.774150619359649,Diesel,Automatic,21909.44474086523
Ford,Model C,2021,3.4,11.701311926326433,Diesel,Manual,27347.9672239703
BMW,Model C,2016,1.5,10.995796684651125,Electric,Manual,27270.82282975728
Honda,Model A,2003,3.2,10.900731346815949,Petrol,Manual,29496.699750732703
Toyota,Model D,2016,1.2,11.211468959096608,Petrol,Automatic,28080.18656892695
Toyota,Model C,2013,2.4,11.595933003953837,Electric,Automatic,23211.24564162468
BMW,Model D,2018,1.6,11.874745151993533,Petrol,Automatic,25453.761364477417
Ford,Model C,2008,1.4,10.087016713216245,Electric,Manual,21766.77374092624
Honda,Model E,2020,3.0,10.579717439219063,Electric,Automatic,30290.971647787752
BMW,Model E,2011,4.2,10.214715238562922,Petrol,Automatic,31400.338660064568
Toyota,Model E,2004,1.2,10.545762402722318,Diesel,Automatic,22602.55453715815
Audi,Model B,2010,2.5,10.514502343557455,Diesel,Manual,28780.41063784284
Ford,Model C,2019,3.5,11.37158077070386,Diesel,Automatic,32809.467449106734
Audi,Model B,2002,2.6,11.243672527986815,Diesel,Automatic,22369.8002250704
BMW,Model D,2020,3.8,12.073866089208066,Petrol,Manual,24610.4677458078
Toyota,Model B,2014,1.6,10.68544657161499,Electric,Manual,26892.43672970543
Honda,Model D,2013,4.4,11.298778819847277,Electric,Manual,32201.26378326245
Audi,Model D,2010,2.3,10.13582867620438,Petrol,Automatic,28225.08185321485
Honda,Model D,2019,2.2,11.435558341393785,Diesel,Automatic,28636.512064114653
Toyota,Model B,2007,4.1,10.804928571159946,Electric,Automatic,28895.35173382063
Audi,Model C,2003,3.0,10.638807814487269,Petrol,Manual,25038.93975955444
Honda,Model B,2011,2.8,12.086342715905046,Petrol,Automatic,17298.65543404631
Honda,Model C,2007,3.5,11.047662580614597,Diesel,Manual,28669.982285270788
Audi,Model C,2005,3.0,12.050774641111031,Petrol,Manual,18717.384185026425
Toyota,Model D,2014,1.6,11.374272407554827,Electric,Automatic,26262.57291497112
Honda,Model B,2011,3.4,11.52098291634796,Electric,Automatic,21648.308989591565
BMW,Model C,2015,1.5,11.822701654895075,Petrol,Automatic,26006.433808281246
Audi,Model E,2015,3.8,11.429021980747523,Electric,Manual,27189.626712454243
Ford,Model C,2020,4.5,10.837362767167287,Petrol,Manual,40538.38206406105
Ford,Model E,2019,2.3,11.546601991329613,Electric,Automatic,32167.2807744579
Toyota,Model B,2019,2.6,11.972045077613885,Diesel,Manual,23136.81796115508
BMW,Model B,2003,1.2,11.558835294479426,Electric,Automatic,19299.223372518383
Honda,Model B,2010,1.0,11.475223597786217,Diesel,Automatic,19150.62628419968
Ford,Model C,2012,4.2,12.018217808336798,Diesel,Automatic,23833.88792825096
Toyota,Model A,2008,1.5,11.912895502796413,Petrol,Manual,17307.484798045665
BMW,Model C,2003,2.6,11.98799125980823,Diesel,Manual,18555.311346758783
BMW,Model C,2011,3.9,12.001763115309675,Electric,Automatic,24797.223580858805
Toyota,Model D,2008,4.1,9.581765987860823,Electric,Automatic,28071.968356653106
Toyota,Model D,2012,2.8,11.797269472276547,Diesel,Manual,24835.50280680622
Honda,Model C,2015,3.0,11.686172640488476,Petrol,Automatic,26146.03174701312
Toyota,Model E,2005,3.3,11.429761223709459,Diesel,Manual,19857.94423667752
Honda,Model D,2009,4.4,12.156498924460196,Electric,Automatic,21915.635472461978
Honda,Model C,2012,3.1,11.599268285192245,Electric,Manual,29070.003706986696
Audi,Model A,2006,3.0,11.147440397038215,Diesel,Automatic,23730.18745759413
BMW,Model E,2018,1.1,11.56318122130127,Diesel,Manual,21271.276377948187
BMW,Model B,2018,1.3,10.42901457915501,Diesel,Automatic,30537.63346549701
BMW,Model C,2016,3.0,11.608553775983635,Electric,Manual,25643.27963058028
Audi,Model C,2012,4.3,12.177868625157098,Electric,Manual,24307.00786082489
Honda,Model E,2012,4.0,11.341460758709358,Electric,Manual,28443.927009183644
Honda,Model D,2020,4.4,11.720484201498103,Petrol,Manual,35170.04046427376
Toyota,Model D,2001,2.8,10.821796246953596,Electric,Automatic,22252.433351071624
Audi,Model D,2009,3.8,11.737436081424933,Electric,Manual,22552.321449320447
Toyota,Model B,2021,3.9,11.816224948317085,Petrol,Manual,29590.754791876352
Audi,Model E,2012,3.3,11.474247004771236,Petrol,Automatic,24332.19770190073
Toyota,Model E,2008,2.2,9.45798139489078,Petrol,Manual,26341.020576671184
Ford,Model D,2000,2.6,11.073660524150764,Petrol,Automatic,24517.081465674222
BMW,Model D,2013,4.0,10.556567661882832,Petrol,Manual,34075.536078845515
BMW,Model A,2015,2.0,11.19534760016878,Petrol,Manual,30942.88100638817
Honda,Model A,2019,4.2,11.61842897040453,Diesel,Manual,32302.20019179345
Ford,Model C,2014,1.8,11.411136342068195,Diesel,Manual,25370.1504152862
BMW,Model C,2000,3.6,7.646831391430482,Diesel,Manual,24098.76388335786
Honda,Model E,2016,3.2,10.703221995991722,Diesel,Manual,31714.43557797456
Ford,Model E,2012,3.6,11.663515527602685,Electric,Automatic,26126.727438041304
BMW,Model B,2014,2.5,10.620985823959904,Petrol,Automatic,30508.00472928432
Toyota,Model B,2015,4.3,10.37380363296391,Electric,Manual,31255.0400424142
Audi,Model A,2015,3.2,11.763808689184911,Petrol,Manual,26579.61490862016
Ford,Model C,2001,2.0,9.78239278915807,Petrol,Automatic,19467.105751971136
Honda,Model A,2016,3.2,9.723523215315852,Electric,Automatic,33239.97518511037
Ford,Model A,2010,2.0,11.380753148383336,Diesel,Manual,24970.603763018407
Honda,Model C,2007,2.0,11.044504582519703,Electric,Manual,20127.079816822334
Ford,Model B,2019,2.4,11.262911619136622,Electric,Manual,26726.59549262799
Honda,Model C,2002,4.0,9.412464556066316,Petrol,Manual,24796.089958704462
BMW,Model D,2011,2.8,10.749849260583721,Petrol,Manual,27413.65008271336
Toyota,Model D,2019,3.4,10.750771127107004,Petrol,Manual,30171.78077433912
BMW,Model D,2015,2.4,10.382048215714843,Diesel,Automatic,32443.280444305463
Toyota,Model E,2013,1.9,11.867041136764037,Electric,Manual,23047.755963016072
BMW,Model B,2015,4.3,11.593297349228438,Electric,Manual,30879.67915946868
BMW,Model B,2020,3.1,11.891882313197597,Diesel,Automatic,24718.15422877333
Ford,Model E,2016,4.3,11.994975000094449,Electric,Automatic,30089.456171056445
Audi,Model A,2010,1.7,11.93859181372817,Electric,Automatic,21046.218880197124
Honda,Model D,2016,1.5,12.138687409675722,Petrol,Automatic,19287.00872024147
Honda,Model D,2018,4.0,11.595095139813742,Diesel,Manual,27488.3141505904
Honda,Model A,2021,3.4,11.82588778220081,Petrol,Automatic,29310.445553862184
Toyota,Model C,2000,1.7,11.441472426896452,Diesel,Automatic,16811.987175277452
Honda,Model C,2011,1.9,11.104159916395385,Petrol,Manual,24127.84632888608
Honda,Model B,2014,3.8,10.27756518740266,Electric,Automatic,30735.536007843533
Ford,Model E,2017,2.6,10.425787098375746,Diesel,Automatic,32457.02181468817
BMW,Model B,2013,3.3,11.968601949069917,Diesel,Manual,19012.699960941336
Honda,Model C,2000,2.1,11.67166275306707,Petrol,Manual,20199.75558066418
Audi,Model A,2012,2.3,12.074619092700617,Diesel,Manual,22828.08297743224
Honda,Model B,2014,4.5,11.714967946376385,Electric,Manual,29301.92037659096
Toyota,Model D,2006,1.9,11.603917242975959,Electric,Manual,20035.57885909501
Toyota,Model D,2014,2.8,12.177791476767275,Electric,Manual,24045.001311107168
Toyota,Model A,2019,4.0,8.443977129084978,Petrol,Manual,36183.181687812605
Honda,Model C,2009,1.8,10.589459049346978,Diesel,Automatic,24557.49103095305
Ford,Model D,2013,2.5,11.126336084130871,Petrol,Automatic,29380.6361357122
Audi,Model D,2005,3.2,12.074847163677292,Electric,Manual,23316.64145009985
Honda,Model E,2013,2.7,10.007216738298604,Diesel,Automatic,27848.736353178723
Ford,Model B,2021,2.6,11.341710006516378,Electric,Manual,31336.44862695357
Ford,Model C,2011,2.3,10.861073766817455,Diesel,Automatic,24321.86624424491
Honda,Model B,2010,3.1,12.194136694637667,Diesel,Manual,21321.97936452172
Honda,Model C,2019,3.2,9.773606631681607,Petrol,Automatic,32465.487043249
Ford,Model D,2021,3.3,11.166625090030035,Diesel,Manual,34986.64651382352
Ford,Model E,2018,1.2,9.661543371758201,Electric,Automatic,29414.711196077504
Ford,Model B,2001,3.2,12.096759885589472,Diesel,Manual,17028.507338409574
Honda,Model D,2021,4.3,12.076436513660234,Electric,Automatic,32578.13019491117
Ford,Model C,2019,2.9,12.107378747402553,Petrol,Automatic,23773.84416177527
Toyota,Model B,2000,3.5,11.762375934937449,Electric,Manual,20953.134388211183
Honda,Model B,2007,2.9,11.98594329693928,Diesel,Automatic,19008.993116232603
Toyota,Model D,2013,4.0,11.50570949234992,Electric,Automatic,30928.59508768628
BMW,Model B,2008,4.3,12.15366293871243,Electric,Automatic,25684.160897660648
Honda,Model E,2001,1.6,10.562715939892447,Diesel,Automatic,20240.93560425007
BMW,Model E,2004,2.5,9.677715549868227,Electric,Automatic,20813.969200477502
Ford,Model D,2007,2.4,12.096257779522967,Diesel,Manual,16963.77587569682
Ford,Model C,2015,2.4,12.179020000252168,Petrol,Manual,26432.22264804351
Audi,Model D,2021,1.4,10.736592308507754,Electric,Automatic,28815.3716136206
Ford,Model E,2015,3.8,11.033614658004002,Petrol,Manual,34546.04230079612
BMW,Model A,2012,1.1,12.007304583357278,Electric,Automatic,17790.078019741508
Ford,Model A,2019,2.8,11.642452601250366,Electric,Manual,27146.601288212063
Honda,Model B,2014,3.3,11.726850657474358,Petrol,Automatic,27965.77515400161
Ford,Model B,2000,1.7,11.795838684496879,Electric,Automatic,17083.781990138225
Audi,Model A,2021,4.2,11.416590760519714,Electric,Automatic,35063.59836264381
Ford,Model E,2002,3.9,12.180216230984946,Petrol,Automatic,18065.121117127102
BMW,Model B,2005,2.6,12.011971986699923,Electric,Manual,20533.02019602912
BMW,Model D,2021,2.4,10.553518442022446,Diesel,Manual,34307.45018860794
Ford,Model D,2013,1.8,10.38458565982913,Electric,Manual,29780.256125996588
BMW,Model E,2003,3.6,8.245384468120747,Electric,Automatic,26262.431889401723
BMW,Model B,2017,1.5,12.069359052214326,Electric,Manual,23845.10840555782
Audi,Model D,2014,3.4,10.459554192547706,Petrol,Manual,30013.57771506569
Honda,Model B,2008,3.9,9.155461710466193,Diesel,Automatic,30012.547540020983
Audi,Model B,2017,1.8,12.191811436177904,Diesel,Automatic,20886.395924753404
Toyota,Model D,2002,4.0,11.20972358086041,Electric,Automatic,22311.592178104456
Audi,Model A,2009,1.1,12.187516541001576,Petrol,Manual,12412.864779280546
Ford,Model D,2016,4.2,11.372398229833252,Petrol,Manual,33502.99808500944
Honda,Model E,2006,1.4,9.632400353656184,Diesel,Automatic,22633.00091527371
Ford,Model C,2014,3.3,10.73691827854313,Petrol,Manual,29759.370550849813
Toyota,Model D,2000,1.9,11.526345018629694,Electric,Automatic,16271.066439802702
Honda,Model B,2010,3.9,12.08783513161419,Electric,Manual,22401.890926595406
BMW,Model B,2016,2.8,9.70674247507645,Petrol,Automatic,30766.84411921527
Audi,Model D,2004,1.5,12.009747494498253,Electric,Manual,18340.76773888485
Ford,Model C,2006,3.0,11.17946468934515,Diesel,Manual,23236.84170280647
Toyota,Model D,2018,2.4,11.809408693375078,Electric,Manual,29503.558295522016
BMW,Model C,2014,3.3,11.27305530057358,Petrol,Automatic,30944.942798394204
Audi,Model C,2002,4.1,9.758519582283522,Diesel,Automatic,26386.106017011043
BMW,Model E,2014,2.4,11.006921531483451,Electric,Automatic,28425.17326959236
Audi,Model B,2004,2.0,11.906689043104052,Diesel,Manual,18625.992659194268
Honda,Model B,2011,1.1,12.11167954508,Petrol,Automatic,19284.01440751678
BMW,Model C,2019,3.0,11.970236381468633,Electric,Manual,28481.88401544286
BMW,Model B,2004,2.4,9.886341393701157,Electric,Automatic,25190.31531302548
BMW,Model A,2002,2.3,11.998285577536654,Diesel,Automatic,14567.40380071618
Honda,Model C,2008,1.6,12.011631947713607,Electric,Manual,19248.87664902724
Toyota,Model B,2008,2.5,9.245804036251752,Electric,Manual,27008.987249084952
Audi,Model A,2006,4.4,9.97231374346598,Electric,Automatic,24150.39001597226
BMW,Model E,2001,2.0,11.493090037136117,Electric,Automatic,19378.806954119093
Honda,Model B,2020,3.1,10.795321643976292,Petrol,Manual,31292.22989752252
Toyota,Model A,2015,3.7,11.806624399746841,Electric,Manual,26276.373846292627
Audi,Model D,2008,3.6,12.205412427634295,Diesel,Automatic,20218.692271633387
Honda,Model D,2012,2.2,9.417435838868785,Petrol,Manual,25677.70591326012
Audi,Model A,2018,3.1,10.415442538332677,Diesel,Automatic,32809.582954226775
BMW,Model C,2019,4.0,10.211339831777291,Diesel,Automatic,34506.13511145146
Toyota,Model C,2016,1.1,9.948843254256925,Diesel,Automatic,26399.21002822621
Honda,Model B,2005,2.5,10.451030759237282,Petrol,Manual,24863.533650036403
Toyota,Model D,2003,1.8,9.108639817149843,Petrol,Automatic,20268.0075647344
BMW,Model C,2000,2.4,11.443092955371547,Petrol,Automatic,19288.553556780807
Toyota,Model C,2017,2.5,11.26975776182509,Electric,Manual,29520.54782700672
Toyota,Model D,2018,3.6,12.054109571148327,Diesel,Manual,27220.34731923514
Ford,Model E,2008,1.3,11.639813589875269,Petrol,Manual,21501.368415097284
Toyota,Model C,2012,2.8,12.127245864984202,Diesel,Automatic,23688.75476510424
Audi,Model A,2007,3.0,11.727367265630498,Petrol,Manual,22141.504545928503
Honda,Model B,2012,2.7,11.188620901061947,Petrol,Manual,28975.798969017906
Ford,Model C,2014,3.6,12.106401470393754,Petrol,Automatic,23978.52966869796
Honda,Model C,2010,2.3,11.35928465513717,Diesel,Automatic,22913.228252901445
Honda,Model E,2011,4.3,11.95873245236177,Electric,Automatic,24505.79876320584
BMW,Model A,2013,2.7,12.016762726918538,Petrol,Automatic,23158.70517974332
BMW,Model B,2003,3.0,9.67614770909051,Petrol,Manual,27873.75569634464
Ford,Model C,2000,3.9,10.154829758209017,Petrol,Automatic,25517.225709627583
BMW,Model B,2003,2.0,10.964813256418221,Electric,Manual,20262.536256793614
BMW,Model D,2018,1.3,12.048342232764195,Diesel,Automatic,24947.77009364076
BMW,Model C,2008,3.5,11.802792648327346,Diesel,Automatic,20449.16697730669
Honda,Model C,2009,2.7,10.944258841514388,Diesel,Manual,24734.23923104735
Ford,Model D,2003,4.1,12.08424393716504,Diesel,Manual,21632.618756453976
Honda,Model E,2019,4.4,11.287416618549733,Petrol,Manual,36842.41449307512
Audi,Model C,2008,2.4,10.722848794230309,Electric,Automatic,26492.36252844079
Honda,Model B,2012,2.5,11.98494580927841,Petrol,Automatic,22483.67511632766
Audi,Model A,2011,2.4,12.203153388643111,Electric,Manual,18747.46965961865
Toyota,Model B,2010,2.1,11.077315532943354,Diesel,Manual,26061.84231609852
Toyota,Model E,2011,3.7,11.697926761385943,Electric,Automatic,26142.685342021625
Audi,Model A,2017,3.7,10.715062005631752,Petrol,Manual,31139.53729197091
Audi,Model B,2011,2.7,11.893879277382453,Petrol,Manual,21963.66246325903
Honda,Model B,2015,1.2,11.636398945954978,Diesel,Automatic,21508.05800663881
Audi,Model D,2004,2.1,10.91960551966869,Petrol,Manual,22464.831228761654
Ford,Model E,2019,2.0,9.261413642160184,Petrol,Automatic,32297.5289460852
Toyota,Model D,2011,3.8,10.726148691628156,Electric,Automatic,33092.26639729553
Toyota,Model A,2020,1.3,9.5302475917227,Petrol,Automatic,29716.75574861876
Audi,Model D,2010,3.8,12.17620604592388,Diesel,Manual,21532.746490393023
BMW,Model E,2008,3.3,11.626575527201563,Diesel,Manual,26516.61264302641
BMW,Model C,2017,3.6,12.07663571628126,Petrol,Manual,29524.328700915783
Audi,Model C,2002,2.5,12.171558837498297,Diesel,Manual,16288.721954797327
Ford,Model A,2019,3.4,11.961641615072708,Electric,Automatic,26961.423657103594
BMW,Model C,2016,3.1,11.287065728161783,Electric,Automatic,28264.86466545809
Audi,Model D,2013,3.7,11.269362346091322,Petrol,Manual,25294.76637027943
Ford,Model A,2000,2.6,12.032659292605226,Petrol,Manual,13936.613401808594
Ford,Model E,2016,2.7,12.110557944812873,Electric,Manual,23514.124847007217
Honda,Model A,2007,3.3,12.114121816782266,Diesel,Manual,19616.57826797136
Ford,Model A,2004,1.4,11.616744793609225,Petrol,Automatic,19499.865947990053
BMW,Model B,2004,2.5,11.881332320121787,Petrol,Manual,18382.494426341666
BMW,Model B,2008,4.4,11.273563605008045,Diesel,Automatic,26412.285406725583
Audi,Model A,2002,1.1,11.683882691685133,Petrol,Manual,16950.538518690646
Audi,Model C,2018,2.1,11.584483044779327,Diesel,Manual,31839.68049094693
Ford,Model B,2008,2.1,11.834124515158612,Diesel,Manual,19671.451665206947
Toyota,Model E,2021,3.2,11.761791342440219,Diesel,Automatic,29764.97504269076
Honda,Model D,2017,1.4,12.1709686470671,Diesel,Manual,22338.85116242536
Toyota,Model B,2015,3.2,12.110909954848793,Diesel,Automatic,22664.56321686147
Ford,Model A,2000,1.3,12.118208177489098,Electric,Automatic,14986.715073270769
Ford,Model C,2001,1.3,11.527055168876036,Diesel,Manual,13870.819777764144
Toyota,Model D,2013,3.5,11.399767965010177,Electric,Automatic,27219.545965462763
Honda,Model B,2013,2.1,8.799510901368867,Diesel,Automatic,28746.05820498289
Toyota,Model C,2000,4.4,11.731860171510384,Petrol,Automatic,21878.61549050721
Audi,Model C,2015,1.1,11.501561134891178,Electric,Manual,19813.58740002017
BMW,Model C,2014,2.6,9.661543371758201,Petrol,Automatic,33120.4297893222
Audi,Model A,2014,1.4,11.890896038769,Diesel,Automatic,22331.88516990167
BMW,Model E,2011,2.2,11.93331859366263,Diesel,Manual,23532.912890998254
Ford,Model C,2015,4.5,12.052402683472945,Petrol,Manual,30150.571474927743
Honda,Model D,2013,4.1,11.485410372929586,Diesel,Automatic,27354.622443325887
Toyota,Model B,2014,1.2,11.674678601323267,Petrol,Automatic,17533.491998554404
Honda,Model D,2014,3.0,12.062877566680271,Diesel,Automatic,25626.932150593664
Toyota,Model A,2018,3.3,9.617271072245957,Diesel,Automatic,33276.18465965322
Audi,Model A,2007,1.7,12.136926190821352,Electric,Manual,14301.81300825588
Audi,Model D,2001,1.5,12.095788919625342,Petrol,Manual,14696.84930608102
Toyota,Model E,2001,4.2,11.072278675825483,Diesel,Automatic,29609.06386426452
Honda,Model A,2009,4.4,11.792963395270252,Petrol,Manual,25466.33700972334
Toyota,Model A,2002,4.5,12.055738008673774,Electric,Automatic,22298.082614604635
Ford,Model D,2016,3.8,9.245321340871428,Petrol,Manual,32107.244413061064
Audi,Model A,2007,3.3,11.501277894620612,Electric,Manual,20784.434469100896
Ford,Model E,2003,2.2,12.099405721336648,Petrol,Automatic,17739.680938645983
Audi,Model E,2013,1.6,12.101139816179296,Petrol,Automatic,20788.346343616537
Audi,Model E,2020,1.3,11.987835786687663,Electric,Automatic,22629.29433068185
BMW,Model B,2009,3.4,9.752606521576492,Diesel,Automatic,32852.53861605079
Ford,Model E,2000,3.7,11.11173122371271,Diesel,Manual,19523.472060686192
Ford,Model E,2003,3.9,11.796034597451872,Diesel,Manual,19203.73984815596
BMW,Model B,2000,4.2,12.070814047859708,Petrol,Automatic,17579.414810494927
Honda,Model C,2016,4.1,9.838468916161679,Petrol,Manual,33550.20598535879
Ford,Model A,2016,4.5,8.24564690087386,Diesel,Manual,38740.20941505724
Toyota,Model E,2006,1.9,11.725970194407024,Petrol,Automatic,19711.245875621524
BMW,Model A,2019,3.7,11.902545703516555,Petrol,Automatic,28132.042020800465
Ford,Model D,2014,3.1,11.511484427173825,Diesel,Manual,24667.236464418227
Honda,Model A,2012,1.9,10.195559973289201,Electric,Automatic,29634.11708368306
Ford,Model B,2001,4.4,11.709330712694323,Petrol,Automatic,19941.668233065524
Audi,Model A,2018,4.1,11.265079301015646,Petrol,Manual,29748.42741727965
Toyota,Model A,2012,1.4,9.156095357123787,Petrol,Manual,26525.93371810565
BMW,Model A,2010,1.1,11.615229313778151,Petrol,Automatic,20987.838049310336
Audi,Model C,2021,3.4,8.726481196440007,Electric,Manual,34551.564799679385
Honda,Model C,2014,3.1,12.176437840400483,Diesel,Automatic,23906.08500591521
Audi,Model D,2009,4.3,11.036050280573786,Petrol,Automatic,28430.497446038506
Audi,Model B,2008,1.8,9.684460516733758,Diesel,Manual,27902.28787922317
Honda,Model A,2008,1.3,11.714428541180112,Petrol,Manual,20494.071224166142
Audi,Model A,2019,1.9,11.678185633835888,Electric,Automatic,29984.50868072827
BMW,Model A,2000,1.1,11.332086808136445,Diesel,Automatic,16142.742148245025
Ford,Model A,2016,1.1,12.097490278612401,Electric,Automatic,21916.94204881119
Audi,Model C,2011,4.2,9.860319057134749,Petrol,Manual,28368.67755637264
BMW,Model D,2009,2.2,11.568398014094052,Electric,Automatic,28398.167386151785
Ford,Model E,2004,2.4,9.91492193016179,Electric,Manual,26376.44306694252
Ford,Model B,2017,1.1,10.870243235816496,Petrol,Automatic,26478.03555555456
Audi,Model A,2014,1.9,10.814041862558346,Petrol,Manual,26796.09957873429
BMW,Model D,2005,3.8,11.970793251871441,Diesel,Automatic,20702.503852725466
Audi,Model E,2006,3.2,9.957123101702038,Petrol,Manual,31025.02324620335
Honda,Model D,2016,3.6,10.606387024538751,Diesel,Automatic,33977.54900068243
Ford,Model C,2005,2.6,11.194426732839164,Electric,Automatic,22177.2133952293
Audi,Model E,2007,2.1,12.157291981315616,Electric,Automatic,14698.519963751436
Ford,Model D,2011,2.7,12.019869565361564,Diesel,Automatic,23991.209271015832
BMW,Model C,2020,2.1,11.515571959911133,Petrol,Manual,29863.897852627248
Toyota,Model D,2013,3.9,12.123256094307242,Petrol,Manual,25507.5913945012
Audi,Model D,2011,2.0,10.54328669759415,Electric,Manual,26436.4611292362
Audi,Model E,2009,3.3,10.256290008060986,Diesel,Manual,28077.76510217848
Ford,Model C,2021,1.5,11.932582719779225,Electric,Manual,28263.29702295948
BMW,Model A,2019,3.4,12.191928081163951,Electric,Automatic,28997.03847860896
Honda,Model B,2014,4.2,12.09712236102179,Petrol,Manual,26712.54975128324
BMW,Model E,2006,3.1,11.42656115131723,Diesel,Manual,25553.43172967981
Audi,Model C,2008,3.0,10.97585852999901,Electric,Manual,26549.946328341422
Honda,Model D,2009,4.4,11.317020064101877,Petrol,Manual,25449.62845506619
BMW,Model C,2009,3.2,12.132905000361195,Electric,Automatic,18646.114487980707
Toyota,Model B,2015,1.9,11.573870035597583,Electric,Automatic,27278.21380609888
Ford,Model B,2006,2.0,11.359541158070872,Petrol,Automatic,24258.46069562238
BMW,Model A,2004,3.5,8.026496938945412,Petrol,Automatic,29955.25401661924
BMW,Model A,2002,3.6,11.742504265579587,Diesel,Manual,21601.804620174065
Toyota,Model B,2017,2.1,9.527484154577582,Electric,Manual,33196.04791259053
Audi,Model E,2010,2.2,11.262295088386889,Diesel,Automatic,24392.22541100154
Ford,Model E,2014,4.5,11.660241412565368,Petrol,Automatic,30449.230673076603
BMW,Model D,2020,1.4,9.938854696373419,Petrol,Manual,30354.68526375977
Honda,Model A,2019,2.4,12.090184688078246,Electric,Manual,22280.728733700234
BMW,Model D,2004,1.2,10.80196048603731,Diesel,Automatic,22673.343944994536
Ford,Model A,2011,3.9,10.178312322985352,Diesel,Automatic,33533.998809322286
BMW,Model B,2003,1.3,11.942562725049378,Electric,Automatic,20364.46756083344
Toyota,Model E,2014,3.4,12.198604830682653,Electric,Automatic,23402.50800279199
BMW,Model E,2008,1.2,9.585483720197958,Diesel,Manual,22576.83036324354
BMW,Model B,2006,3.4,11.44344676120017,Petrol,Manual,23478.768525342373
Honda,Model D,2009,4.0,10.097367058163812,Petrol,Manual,30014.31722894964
Toyota,Model D,2012,2.4,9.625227618663251,Electric,Automatic,29339.945613255823
Toyota,Model C,2007,2.8,11.125997477860475,Diesel,Manual,25646.102513476864
BMW,Model A,2011,2.4,10.422757423084782,Diesel,Manual,28345.188584793337
Honda,Model D,2021,2.1,11.712259813372807,Diesel,Automatic,29151.26451693051
BMW,Model B,2018,3.8,12.174705809780674,Petrol,Automatic,26303.696095385163
BMW,Model D,2000,2.0,11.632351594452766,Petrol,Automatic,12915.208194446448
Ford,Model E,2015,3.5,10.220230730583488,Diesel,Automatic,32581.667657386897
Ford,Model A,2021,1.7,11.94339533206796,Diesel,Automatic,25383.611522614377
Honda,Model C,2016,1.9,10.827587711301765,Electric,Automatic,29380.983727641866
Audi,Model A,2017,2.2,11.697652459710566,Electric,Manual,25162.63558884495
Ford,Model E,2010,3.1,11.639875246229197,Diesel,Manual,24970.301448952778
Audi,Model E,2017,2.6,11.868997227031342,Diesel,Manual,26673.984375057767
Toyota,Model E,2006,3.6,11.370347561495587,Petrol,Manual,24544.365596538628
Ford,Model E,2017,1.7,11.262552022394802,Diesel,Manual,28359.241204460563
Ford,Model B,2007,1.0,11.60581453443263,Electric,Manual,19153.59986492969
Honda,Model C,2005,3.7,7.768956044538332,Petrol,Automatic,29095.0676646302
Audi,Model E,2006,3.9,11.489278055964235,Electric,Automatic,19071.482401886
Ford,Model E,2021,1.2,10.677592406675998,Electric,Automatic,27443.625430348955
Ford,Model D,2009,3.1,10.695008397454334,Petrol,Manual,25210.9683686807
Honda,Model C,2010,2.3,10.54069910076577,Electric,Manual,27141.514435799338
Honda,Model A,2012,3.8,11.172672088842356,Diesel,Automatic,31585.430466593
Audi,Model C,2008,4.1,11.47290523228637,Electric,Automatic,26159.369790567744
Toyota,Model C,2006,4.0,11.798269807058416,Petrol,Automatic,25045.546358609736
Toyota,Model C,2008,3.7,10.80764497258701,Petrol,Automatic,29226.70531265174
BMW,Model E,2012,1.9,11.593002018224842,Petrol,Automatic,23662.98684694064
Ford,Model E,2002,3.8,10.370768729268756,Electric,Manual,27152.35340166336
Audi,Model B,2002,2.9,10.949893849733636,Diesel,Manual,23444.53743766368
Ford,Model A,2000,1.2,10.700724441620455,Petrol,Manual,18896.089006414448
Audi,Model D,2020,2.6,12.180949690355714,Diesel,Automatic,25230.31069933307
Audi,Model C,2019,4.3,9.711660965727868,Petrol,Manual,39167.862819603455
Audi,Model A,2001,4.1,10.72750947494687,Diesel,Automatic,26365.897946951394
Ford,Model A,2002,1.4,11.601394112957836,Diesel,Manual,17773.492240077318
Honda,Model B,2014,3.6,7.560080465021827,Diesel,Automatic,31349.14883766104
Ford,Model D,2005,3.8,10.659515631135275,Petrol,Automatic,29802.00029852922
Audi,Model C,2012,1.9,11.854314167371259,Electric,Manual,18951.45293800211
BMW,Model D,2020,2.7,10.413282645487595,Electric,Manual,29322.973838803795
Toyota,Model B,2000,3.5,11.835023456787946,Electric,Manual,19842.87137663502
Audi,Model E,2019,2.5,9.578934005308442,Diesel,Manual,31015.679617770555
BMW,Model A,2018,1.4,11.604592653496052,Petrol,Manual,27498.248005694888
Honda,Model C,2000,3.5,11.369943844991363,Diesel,Automatic,18298.788749268035
Audi,Model E,2020,4.2,11.33525706542892,Petrol,Manual,35137.56294502124
BMW,Model B,2021,3.3,10.543365804216734,Diesel,Manual,35845.763869475806
Audi,Model D,2001,3.7,10.095800693457734,Petrol,Automatic,25924.031928215813
Ford,Model A,2014,2.3,11.378044590776334,Petrol,Manual,22031.806714839386
BMW,Model C,2013,1.6,9.130105979265577,Petrol,Automatic,24791.99375936146
Ford,Model E,2018,3.2,9.984468281668407,Diesel,Manual,33795.57055544985
Ford,Model E,2010,2.1,9.386056829718001,Electric,Manual,27138.415999229102
BMW,Model A,2014,4.0,8.913684824725294,Diesel,Automatic,35083.06056980601
Toyota,Model D,2005,1.4,12.178948078133516,Diesel,Manual,14431.217416537524
BMW,Model B,2019,2.5,11.612843195509367,Petrol,Manual,27664.28873549533
Toyota,Model D,2008,2.4,11.779205131161573,Petrol,Manual,16421.914853082533
Audi,Model D,2004,4.3,11.180608582892493,Electric,Manual,27658.61462354524
Audi,Model D,2019,1.5,12.0135977172717,Electric,Automatic,21952.607630482187
BMW,Model A,2001,1.0,11.709848236641356,Petrol,Automatic,14615.388152561552
Audi,Model A,2005,1.8,11.99101506446606,Electric,Manual,14895.541913781695
Honda,Model B,2017,3.9,10.98698620339419,Electric,Manual,29264.227872099305
Ford,Model D,2018,1.7,11.631223923329062,Petrol,Automatic,28716.42565633024
Ford,Model A,2008,1.8,11.370912490923256,Diesel,Automatic,23852.975389909778
Toyota,Model B,2020,1.5,9.798904512343688,Electric,Manual,32723.341150708264
Audi,Model B,2005,3.5,9.973340054434962,Petrol,Automatic,26994.678763801265
Toyota,Model D,2013,1.2,11.563713631802333,Electric,Automatic,19163.70510806841
Ford,Model C,2012,2.2,12.17345647429554,Electric,Automatic,23925.03951167561
Ford,Model D,2010,2.0,11.535293426432174,Petrol,Automatic,23731.53326252679
Audi,Model C,2011,2.9,11.4693914629465,Electric,Manual,25786.62840015399
Honda,Model B,2018,3.6,6.324358962381311,Electric,Automatic,34453.88395540584
Honda,Model A,2018,2.9,11.993739203868241,Electric,Manual,21623.98749412477
Audi,Model E,2020,4.3,12.03446548405342,Diesel,Manual,31460.067464553445
Audi,Model B,2018,4.3,12.09387212360748,Diesel,Automatic,25545.99298619549
Toyota,Model A,2012,2.3,11.782028511220588,Electric,Manual,24149.23832572451
Audi,Model B,2013,3.7,11.50432861774471,Petrol,Manual,29484.517922247127
Honda,Model D,2017,3.6,10.109647698809924,Electric,Automatic,34139.415243746305
Audi,Model C,2011,4.1,11.222305748531104,Electric,Automatic,29900.99708066377
Toyota,Model B,2003,2.6,11.854164891890191,Diesel,Automatic,21358.8395037966
Toyota,Model A,2009,2.9,10.959557617938563,Diesel,Manual,24840.169176334057
Toyota,Model D,2016,2.5,11.191824482973002,Diesel,Manual,28702.305180087013
Toyota,Model E,2003,4.0,9.22325659724273,Electric,Manual,27543.33919064033
BMW,Model D,2011,1.8,12.178017761835997,Electric,Manual,14697.569904355794
Audi,Model C,2012,1.8,12.191562886262476,Petrol,Automatic,19316.766659734018
Ford,Model D,2003,2.3,9.358501722956703,Electric,Manual,27022.70119304937
Audi,Model E,2009,1.8,11.087604528150715,Electric,Automatic,26584.91831735439
BMW,Model A,2002,3.0,9.470779708034089,Diesel,Automatic,29066.254418591463
Toyota,Model B,2014,1.5,12.194738657865269,Diesel,Automatic,15565.311750821516
BMW,Model C,2001,2.1,11.626298792137911,Diesel,Automatic,21357.055395762483
Honda,Model E,2016,4.2,11.750326888031138,Diesel,Manual,29429.97952872076
Honda,Model C,2005,2.4,11.159146324143522,Diesel,Automatic,25991.02501473992
Audi,Model D,2007,3.6,11.217789010857615,Petrol,Manual,25188.33518160915
Audi,Model C,2002,1.4,11.93748052818341,Petrol,Automatic,14093.89904241023
Ford,Model E,2017,1.9,12.068642233025637,Petrol,Automatic,20153.554847546213
Ford,Model B,2021,3.8,10.92592049446542,Diesel,Automatic,35872.05513281232
Honda,Model B,2000,3.7,11.803555687354164,Diesel,Manual,20742.6521410635
Toyota,Model C,2015,2.4,10.427002327418107,Diesel,Automatic,27378.08087553935
BMW,Model A,2006,4.3,10.094314502373795,Petrol,Automatic,25061.526465974
Ford,Model C,2002,4.2,11.754380336055691,Diesel,Automatic,22865.04046864679
Ford,Model D,2003,4.4,12.019749091416921,Petrol,Automatic,22058.340733889465
Toyota,Model B,2008,2.5,12.12639070610528,Diesel,Manual,16792.04697654847
Toyota,Model B,2004,1.7,10.327218159451137,Electric,Manual,20496.74317325808
Audi,Model B,2018,3.2,11.859411679641148,Petrol,Automatic,28641.33635829249
BMW,Model A,2014,3.4,10.758711064661833,Electric,Automatic,34160.93739664977
Toyota,Model A,2007,1.4,11.900084026095751,Petrol,Manual,16946.119602183866
Ford,Model E,2005,3.8,10.458291783474328,Diesel,Manual,25599.17213455413
Ford,Model C,2017,1.1,10.681986400195576,Diesel,Manual,28119.56692750116
Honda,Model C,2018,2.7,9.818038590703646,Electric,Automatic,33752.45612969614
Toyota,Model D,2014,2.2,10.62948906996702,Diesel,Manual,27604.66980821517
Audi,Model B,2006,3.6,11.218151638704692,Petrol,Automatic,29526.732166983908
BMW,Model A,2009,2.1,10.158788468649394,Diesel,Manual,28212.57024428336
Audi,Model D,2005,3.9,11.896090429583424,Diesel,Manual,21202.90858793667
Ford,Model D,2013,3.1,11.434747683906204,Petrol,Automatic,23891.08405544359
Audi,Model A,2016,3.8,10.196903156835669,Electric,Manual,35897.89357562975
Ford,Model C,2008,4.5,11.869298363297778,Electric,Automatic,27243.212472430143
Ford,Model B,2018,3.4,11.714485764617212,Diesel,Manual,28077.994260076463
Ford,Model C,2004,4.4,9.08239335764556,Petrol,Automatic,30061.25091522509
Ford,Model D,2006,1.1,11.958994943920333,Electric,Manual,16088.310205034984
Ford,Model B,2018,2.2,10.813679725948413,Electric,Manual,30956.447762217937
Honda,Model E,2019,1.4,12.006523543069592,Diesel,Automatic,21059.150937736635
Audi,Model D,2006,1.9,11.771783590108432,Petrol,Automatic,16987.761759846308
Honda,Model C,2001,3.9,11.933312025755395,Electric,Automatic,21309.027465521045
Honda,Model C,2015,1.1,9.150165648940114,Diesel,Automatic,30104.4796870192
Toyota,Model C,2012,2.8,11.864694394074531,Diesel,Manual,22510.56594875679
Toyota,Model A,2007,3.0,11.891916541369438,Diesel,Manual,19697.757848077952
Toyota,Model D,2005,3.0,11.38098138332938,Diesel,Manual,25413.232904289394
BMW,Model B,2005,2.7,9.822982237876477,Electric,Manual,24546.87496136964
Toyota,Model C,2008,3.8,12.18151352402947,Petrol,Manual,20953.472511971533
Audi,Model C,2003,1.5,11.843616738261684,Diesel,Manual,16397.570043254695
Honda,Model A,2010,2.1,12.183100801567889,Diesel,Automatic,15493.338109296164
Audi,Model B,2004,3.2,11.610106620679776,Electric,Manual,22273.978534157337
Toyota,Model D,2016,3.4,9.807582195649056,Diesel,Manual,33080.31390680832
BMW,Model E,2019,2.4,9.696463383101802,Diesel,Automatic,33207.43255620322
BMW,Model A,2006,4.1,10.003332887505843,Petrol,Manual,29411.51173930657
Honda,Model D,2014,2.5,11.854541591931248,Diesel,Manual,28235.324818826743
Audi,Model E,2014,2.4,11.770625020426046,Electric,Manual,26653.65646264646
Ford,Model C,2013,1.1,10.98967294619611,Petrol,Automatic,24814.7180009096
Audi,Model C,2012,2.9,12.055889086264026,Electric,Automatic,22455.02816769908
Toyota,Model B,2010,3.5,9.376363155800634,Petrol,Manual,33936.98841550158
Ford,Model E,2012,1.4,10.67239134549532,Petrol,Automatic,27368.825572010493
BMW,Model C,2021,2.1,11.215610477950067,Diesel,Manual,27527.994279011105
Honda,Model C,2008,3.7,12.084616622707461,Diesel,Manual,23441.646445614195
Honda,Model B,2009,2.3,11.578507191779497,Diesel,Manual,25246.752164119887
BMW,Model D,2003,1.8,11.491109211689333,Electric,Automatic,22443.38415155157
Toyota,Model C,2016,3.4,11.733882627878286,Diesel,Manual,26760.716636785022
BMW,Model A,2013,1.7,11.762594095223793,Diesel,Manual,21533.149009062065
Toyota,Model A,2017,4.1,11.241326693386615,Petrol,Manual,30005.61995710534
Ford,Model D,2010,1.4,11.634346320174568,Diesel,Manual,21770.804928672267
BMW,Model E,2015,3.5,11.465477399782918,Diesel,Manual,30197.4851649114
Toyota,Model B,2000,2.7,9.304377013902565,Diesel,Automatic,22824.09162664499
Ford,Model A,2006,4.0,9.424806382096705,Diesel,Manual,29096.81940466168
BMW,Model A,2009,1.4,8.48920515487607,Petrol,Automatic,21949.514408761872
Honda,Model D,2008,3.4,12.17898403983944,Diesel,Manual,23086.1981008053
BMW,Model E,2002,3.0,12.117246896289503,Petrol,Automatic,13720.047256999806
Audi,Model E,2021,2.7,10.444793883555706,Electric,Manual,33931.35950438561
BMW,Model D,2013,2.7,11.319340715897564,Diesel,Manual,27256.55966674469
Audi,Model A,2014,3.5,10.667186389047018,Diesel,Automatic,30945.4659370632
Ford,Model B,2001,4.3,11.842171656499701,Diesel,Automatic,21288.04375667938
BMW,Model A,2013,1.3,12.138698106693393,Petrol,Manual,16728.03764855433
Ford,Model E,2015,1.1,11.359995706182126,Diesel,Automatic,23752.96959161101
Ford,Model A,2006,3.8,12.092170195651756,Diesel,Automatic,22614.50130450433
Toyota,Model B,2003,1.4,12.019218833566622,Electric,Manual,17534.71100087327
Ford,Model C,2017,4.5,12.062941032185348,Petrol,Manual,26991.84812285012
Ford,Model A,2004,3.2,11.172700194519704,Petrol,Manual,20721.16093904617
BMW,Model D,2005,3.3,11.76108157768573,Electric,Manual,20134.402297405908
BMW,Model C,2006,1.7,11.8440189764352,Petrol,Manual,22142.99418970576
Honda,Model D,2014,1.8,10.420195839460273,Diesel,Automatic,26485.26102002555
Toyota,Model D,2000,3.3,12.141422118120134,Diesel,Manual,16031.69265948044
Ford,Model D,2003,4.2,11.877665796054586,Electric,Automatic,24531.174724039647
Toyota,Model A,2000,4.4,7.4205789054108005,Petrol,Manual,26662.757989325783
Audi,Model E,2010,1.7,11.673120696772461,Petrol,Manual,21200.279220704644
Ford,Model C,2017,1.5,10.7113018080742,Petrol,Automatic,29846.04658151262
Toyota,Model B,2013,1.2,10.929296146316139,Electric,Manual,28534.31373505901
Honda,Model E,2021,4.0,12.112618741778913,Diesel,Automatic,27101.146270610043
Honda,Model A,2010,2.0,12.050289801113333,Electric,Automatic,22226.790488242365
Ford,Model D,2009,1.0,9.919557732713622,Diesel,Automatic,23920.792580271354
Audi,Model B,2016,1.8,8.70317470904168,Electric,Manual,28527.09258907013
Honda,Model C,2003,2.2,10.59182317609885,Diesel,Manual,23408.76286061512
Honda,Model E,2014,4.5,11.762173314903869,Petrol,Manual,26269.613884462808
Audi,Model E,2015,2.8,10.82687305688615,Petrol,Manual,30526.27286292576
Toyota,Model B,2020,1.7,11.638817753797467,Petrol,Manual,33028.54602226908
Honda,Model A,2012,2.2,12.077130705239458,Electric,Manual,22821.001630507388
BMW,Model C,2008,2.2,9.072456664612796,Electric,Automatic,26754.65072441976
Honda,Model B,2010,1.1,12.176396636420172,Electric,Manual,18596.853815348863
Toyota,Model D,2010,1.5,8.975250749643573,Petrol,Manual,24741.75654276548
Toyota,Model C,2005,3.4,11.067169471278484,Diesel,Manual,23571.00072799566
Ford,Model E,2000,1.4,11.367656888878981,Petrol,Manual,17321.77044957747
BMW,Model B,2021,1.8,11.695546976773182,Petrol,Automatic,27273.81239969968
Toyota,Model E,2005,2.2,12.134410142316806,Diesel,Automatic,14004.994361580464
Audi,Model E,2012,3.7,8.037220031133012,Diesel,Automatic,31632.395015779137
BMW,Model E,2021,3.0,10.123385843685309,Diesel,Automatic,33964.92256602789
BMW,Model A,2021,3.4,12.174112311919197,Diesel,Automatic,29698.544695677265
Audi,Model E,2004,3.0,12.15414230616729,Petrol,Manual,14919.408967330335
Honda,Model D,2014,3.4,11.85272786472354,Electric,Automatic,23004.602918828856
Audi,Model D,2017,1.0,11.732077059014898,Petrol,Automatic,23626.367885209133
Audi,Model C,2019,4.3,11.43508283534914,Diesel,Manual,34776.253205454785
Honda,Model E,2013,1.4,11.447949514841211,Electric,Manual,24717.78602808103
Honda,Model E,2014,2.4,11.490884334093348,Electric,Automatic,26514.403786845945
Honda,Model B,2004,3.7,11.880016967694656,Petrol,Manual,20605.18393999694
Honda,Model A,2003,2.5,10.499683207019624,Petrol,Manual,25037.059858589662
Honda,Model C,2001,4.3,10.220267155811605,Petrol,Automatic,28381.128439633416
Audi,Model E,2006,2.6,11.5980659262213,Electric,Manual,21241.078267630648
Ford,Model B,2009,4.1,11.01363307701791,Electric,Automatic,26768.00097962714
Ford,Model A,2015,3.8,12.203679784921361,Electric,Automatic,22239.70580929438
Toyota,Model C,2009,4.4,11.962968704475944,Diesel,Manual,26215.61855609533
Ford,Model C,2017,4.2,11.801204858989957,Diesel,Automatic,26140.85335780489
Ford,Model E,2016,4.1,10.546866590861953,Petrol,Automatic,36651.26835059423
Audi,Model C,2020,3.6,11.78805407135039,Electric,Manual,28704.2986130108
Honda,Model B,2012,2.3,12.149824993291526,Petrol,Manual,20766.06386060848
Honda,Model C,2000,1.4,11.458004546070471,Electric,Manual,18470.670115954184
Audi,Model D,2000,3.4,9.617537312929105,Petrol,Manual,23681.37856994183
Ford,Model B,2014,4.4,8.874308038583354,Diesel,Automatic,33522.95431468951
Audi,Model A,2000,3.5,11.524923203403844,Electric,Manual,21203.640003891152
Toyota,Model A,2005,4.3,12.138168466916301,Diesel,Manual,19049.108361568786
Honda,Model E,2012,3.8,10.638831781795862,Electric,Automatic,28378.56647333485
BMW,Model E,2000,1.6,11.201374107567505,Petrol,Automatic,16582.93551064051
Toyota,Model D,2004,1.9,11.819696674950773,Electric,Automatic,20423.192572180425
Toyota,Model A,2008,2.2,11.95119975055279,Diesel,Automatic,20445.74969343067
Audi,Model A,2016,1.6,11.950050725806262,Electric,Manual,20872.465882247303
Ford,Model A,2015,3.0,11.591172715621186,Petrol,Manual,28838.61891246819
Honda,Model A,2007,4.4,11.035550735793711,Electric,Automatic,26722.48950633424
BMW,Model C,2016,3.7,11.596061843842845,Diesel,Automatic,25065.775596685184
Toyota,Model B,2014,2.5,12.199898625431707,Petrol,Automatic,22455.217982320704
BMW,Model B,2000,1.0,12.18444545472988,Diesel,Automatic,14506.461903619813
Ford,Model D,2011,2.1,10.91565194179493,Electric,Manual,27064.57934303804
Ford,Model C,2004,2.8,10.947573255182869,Diesel,Automatic,19984.57609712983
BMW,Model A,2005,2.1,11.633282961633963,Electric,Manual,20013.43919955849
Honda,Model A,2000,1.4,12.024328921758558,Petrol,Automatic,12912.744000494074
Ford,Model E,2000,2.5,10.966887085448493,Diesel,Manual,21860.274325287784
BMW,Model E,2009,1.9,12.029603927411454,Diesel,Manual,17223.26144626241
Toyota,Model D,2009,4.2,12.128667705885679,Electric,Manual,21977.94549981292
BMW,Model A,2002,1.4,11.125864948538169,Diesel,Manual,16564.634033954575
BMW,Model D,2016,1.2,11.984652608112238,Diesel,Automatic,21829.79156488277
Audi,Model C,2018,1.0,11.252715877518089,Petrol,Manual,23379.808161454923
Ford,Model B,2010,2.1,8.632127729508337,Electric,Automatic,28794.44897144587
Honda,Model A,2017,3.3,10.729153112796217,Electric,Manual,30315.555621993903
Honda,Model C,2001,3.6,10.92500279081927,Petrol,Manual,17639.82091740691
Audi,Model A,2008,2.6,11.94183362480486,Petrol,Automatic,22109.666286198262
Honda,Model E,2016,3.4,11.856054070162607,Electric,Automatic,27741.3800384248
BMW,Model D,2013,2.3,11.762843363000993,Petrol,Manual,26386.3340955414
Audi,Model E,2003,3.3,11.237817341380294,Petrol,Manual,19122.362985660187
Toyota,Model B,2016,1.1,11.182767252876404,Petrol,Automatic,24296.90092032724
Ford,Model E,2016,2.4,10.96060053402621,Electric,Manual,29185.18592112373
Ford,Model A,2011,3.8,11.653243774283725,Petrol,Automatic,27490.26178607263
Ford,Model E,2019,3.8,11.453377138739844,Diesel,Automatic,28463.332124521134
BMW,Model A,2017,3.5,11.648006905649321,Diesel,Automatic,29639.81991545443
Toyota,Model B,2002,1.7,11.979723963267016,Electric,Manual,14282.096182781224
Audi,Model E,2010,1.9,12.183806586476,Petrol,Manual,14310.09267302652
Audi,Model D,2017,4.5,11.921027094399523,Diesel,Automatic,27478.88802589669
Ford,Model D,2003,1.4,12.12424960400239,Electric,Automatic,15114.454273227717
Toyota,Model D,2016,1.6,9.798015919593894,Diesel,Automatic,25673.5538552674
Toyota,Model E,2017,1.5,11.705750005157329,Petrol,Automatic,25710.80367921752
Toyota,Model E,2004,2.1,12.144601415442068,Electric,Manual,16363.006004803525
Honda,Model E,2013,1.7,8.210668031162976,Diesel,Automatic,28208.33184570986
Honda,Model A,2009,2.7,10.60433004806348,Electric,Manual,23614.2049800315
Ford,Model B,2014,2.7,12.048921635878163,Diesel,Automatic,19744.4023531317
Toyota,Model D,2000,4.2,12.18832101350451,Diesel,Manual,16779.03670973529
Toyota,Model A,2015,1.1,12.128170561752277,Petrol,Manual,17199.61995623003
Audi,Model D,2010,2.1,8.647519453091812,Petrol,Manual,27247.73278901873
Audi,Model A,2019,3.1,10.976782033219948,Diesel,Manual,33587.414314696594
Ford,Model E,2005,3.1,10.059764541593394,Electric,Manual,25984.857565168146
Toyota,Model D,2021,2.7,9.563529246630083,Electric,Automatic,33587.36012453767
Ford,Model E,2015,3.9,12.171977971759345,Petrol,Automatic,24035.944448670376
Audi,Model D,2001,1.2,11.801399723559697,Diesel,Manual,17254.90386193008
Audi,Model C,2000,3.9,11.973762206391147,Petrol,Automatic,21459.78977497134
Honda,Model A,2008,2.7,12.156824626561228,Diesel,Automatic,19724.46742434701
Ford,Model C,2021,1.5,11.630432907098648,Diesel,Automatic,27149.783034796783
Ford,Model A,2011,4.1,8.819517540604888,Petrol,Automatic,32820.925229711924
Toyota,Model B,2016,3.3,11.642478956225528,Electric,Automatic,30764.35380450617
Toyota,Model D,2014,1.6,11.032257169794764,Petrol,Automatic,27060.70552017444
Honda,Model B,2018,1.1,10.371113356995899,Diesel,Automatic,31648.72781951309
BMW,Model B,2021,1.5,11.469098961429674,Petrol,Manual,26876.28029602585
BMW,Model A,2009,3.1,9.698490846702954,Electric,Automatic,26214.261960597112
BMW,Model C,2011,1.6,11.735380779503828,Electric,Automatic,20116.23103206856
Ford,Model E,2013,1.8,11.795748250186039,Diesel,Automatic,21340.10613849594
Ford,Model A,2008,1.1,9.949416484424528,Petrol,Manual,27362.10585547259
Audi,Model E,2012,3.5,9.841665338892785,Electric,Manual,32532.827489072028
Ford,Model B,2002,3.8,10.940951123740335,Petrol,Automatic,23503.08695136477
Ford,Model E,2020,3.8,11.946777167517142,Electric,Manual,30500.9223538654
Ford,Model C,2013,1.4,11.756044177715356,Diesel,Manual,21664.78777781604
Honda,Model A,2020,4.2,12.122027773202323,Diesel,Automatic,31475.253384153933
Ford,Model C,2009,3.4,11.706252900940717,Petrol,Manual,23566.24751062191
Toyota,Model C,2015,4.1,10.812733528283578,Diesel,Automatic,29139.821485842825
Toyota,Model A,2006,2.6,11.654364261508839,Electric,Manual,21066.897866998635
Audi,Model C,2003,2.5,12.143792904759728,Diesel,Automatic,15437.541335845408
Honda,Model D,2019,3.7,12.00003814611248,Electric,Manual,25075.546704103363
Toyota,Model D,2010,1.3,11.445706020032418,Electric,Automatic,23096.923514556613
Honda,Model D,2015,2.8,10.30108848558749,Diesel,Automatic,33461.2376606341
Honda,Model E,2019,3.9,10.388102662282032,Electric,Manual,32431.531352554262
Audi,Model C,2003,3.9,12.041044688701213,Electric,Automatic,21766.770785844343
Honda,Model A,2021,4.3,10.954449027728232,Petrol,Automatic,34026.38834535573
Ford,Model A,2021,3.4,11.037434809491726,Petrol,Manual,33142.712886753456
Honda,Model E,2016,1.7,11.80774947297664,Petrol,Automatic,23426.05555120308
Audi,Model A,2012,1.1,11.93914046399699,Diesel,Automatic,19493.37826986215
Audi,Model D,2010,2.7,11.448696229332299,Petrol,Manual,25657.26534399011
Audi,Model C,2002,2.8,11.775420490118938,Electric,Automatic,17050.834719104532
Toyota,Model A,2008,1.8,11.730364778007617,Diesel,Manual,22972.200218212456
Ford,Model A,2005,1.4,12.032938752595213,Diesel,Automatic,16896.885513433524
Toyota,Model B,2021,3.1,11.613440259060091,Diesel,Manual,31842.51555267945
BMW,Model B,2020,3.7,11.701320209237545,Diesel,Manual,28803.36809414977
Ford,Model B,2010,4.5,11.911258533774793,Electric,Automatic,23323.802277925504
Honda,Model C,2015,3.7,11.0695559769619,Electric,Manual,33056.12686374881
Audi,Model D,2018,3.8,8.509362612301048,Petrol,Automatic,33036.5015082724
BMW,Model D,2004,3.2,9.84065424336456,Diesel,Automatic,26759.560482450885
Ford,Model D,2013,4.5,10.345830888730728,Petrol,Manual,34981.69166337588
Toyota,Model C,2016,3.2,11.942439075835532,Electric,Automatic,25463.89606179028
Audi,Model C,2002,4.0,11.571524507273164,Diesel,Automatic,25038.454126059263
Toyota,Model B,2003,4.3,9.791661737353872,Electric,Manual,27662.73339241233
Ford,Model A,2015,4.3,10.301693039915031,Petrol,Automatic,31056.06400243794
Ford,Model E,2015,2.3,10.940011648890817,Electric,Automatic,29028.99508221764
BMW,Model E,2020,1.3,11.905318842388171,Diesel,Manual,24594.04206742891
Honda,Model A,2003,1.6,10.426646803460935,Diesel,Automatic,27388.65248761482
Toyota,Model B,2018,1.2,11.101447314704936,Petrol,Automatic,25196.48226777396
BMW,Model A,2016,1.4,4.04305126783455,Diesel,Manual,29293.5057893413
Audi,Model A,2012,1.6,10.356408601800588,Electric,Automatic,25165.41875963256
Honda,Model E,2021,2.2,11.800477528971276,Electric,Automatic,26949.280836856407
BMW,Model B,2000,2.9,12.13406093621988,Electric,Manual,15129.245135187266
Toyota,Model C,2011,3.5,11.79640371372392,Electric,Automatic,23116.750355878983
Ford,Model E,2003,1.7,12.141288760960125,Petrol,Automatic,15463.825219393775
Audi,Model C,2010,3.4,12.109071536911175,Electric,Manual,21296.212255821072
Toyota,Model B,2004,3.5,11.209655869176734,Petrol,Manual,26999.01593576784
Honda,Model A,2001,3.0,11.297712880232217,Electric,Automatic,20171.0857534227
Honda,Model D,2016,4.2,11.587086292869918,Petrol,Automatic,33737.89614263645
Ford,Model D,2007,1.4,11.104716596191,Electric,Manual,22527.59801275029
Ford,Model B,2005,1.6,9.928472805230037,Electric,Automatic,26217.4168791702
Audi,Model D,2020,2.5,11.83229514012029,Petrol,Automatic,27349.656931245736
Audi,Model C,2008,1.4,10.420076536191223,Diesel,Automatic,22562.441200288053
Ford,Model D,2012,3.0,11.472197216055717,Diesel,Manual,25672.558159681736
Ford,Model B,2010,2.4,10.6998454395692,Diesel,Automatic,23809.063578324625
Honda,Model B,2015,2.0,8.892061625546935,Petrol,Automatic,29913.282767612985
Ford,Model C,2015,1.6,11.070334647654704,Diesel,Manual,26832.38575226366
BMW,Model D,2001,2.2,11.810122129790594,Diesel,Manual,17261.095591370893
Toyota,Model D,2009,3.1,11.916722515977696,Petrol,Manual,24872.86445027373
Ford,Model A,2011,3.0,11.582059659803898,Diesel,Automatic,24843.882337874187
Audi,Model E,2007,1.6,6.812345094177479,Diesel,Automatic,21866.61281431557
BMW,Model B,2010,1.4,11.59314969462919,Diesel,Manual,28470.530021919563
Audi,Model A,2009,1.1,11.471770081548735,Petrol,Automatic,19520.432917033355
BMW,Model B,2012,1.0,11.396279282850909,Petrol,Automatic,24488.04021758249
Ford,Model A,2016,4.1,10.46538644648612,Diesel,Automatic,30437.55665791036
Toyota,Model E,2006,1.2,11.625271524801766,Diesel,Automatic,19295.97434693671
Audi,Model A,2002,3.6,10.80616605699042,Petrol,Manual,23144.758383857265
BMW,Model B,2019,4.1,12.080469739227773,Diesel,Manual,22235.130083510947
Honda,Model D,2012,1.3,11.406564448978818,Petrol,Automatic,22538.930009914908
Ford,Model B,2018,2.5,10.738698372359542,Diesel,Manual,30594.619283539007
Toyota,Model C,2006,4.4,11.990630611253001,Petrol,Automatic,22300.428152687666
Ford,Model C,2008,3.9,11.79778856785821,Electric,Automatic,24638.37669656744
Honda,Model C,2018,2.7,12.148930702142822,Electric,Manual,23416.4338265483
Toyota,Model C,2012,3.7,6.956545443151569,Petrol,Manual,32485.849632273097
Honda,Model E,2021,3.9,10.883353842047292,Electric,Automatic,34976.17400330859
Ford,Model D,2007,2.2,10.675261053551264,Diesel,Automatic,24666.09382245913
BMW,Model D,2021,4.1,11.10793024644666,Petrol,Automatic,34023.598335595845
Ford,Model B,2017,2.6,12.193108979138316,Petrol,Automatic,21041.542979408783
Ford,Model A,2001,2.8,10.506025984225317,Diesel,Manual,24462.19120800823
Ford,Model B,2017,4.5,11.440731045421742,Diesel,Manual,31282.30530540028
Audi,Model B,2017,4.0,10.969886518839585,Petrol,Automatic,31867.498548904205
Honda,Model B,2010,2.3,12.127494697905,Diesel,Automatic,20380.33862100852
Honda,Model B,2000,1.0,10.128149949819608,Petrol,Manual,20172.066054003128
Honda,Model D,2013,3.2,12.026228018611112,Diesel,Automatic,22149.60935755684
Audi,Model A,2015,3.5,10.213872454394023,Petrol,Manual,34637.41728587654
BMW,Model B,2010,3.3,11.844708151390867,Diesel,Automatic,21254.35203017524
Ford,Model D,2000,4.4,12.145558017664182,Diesel,Manual,16324.30091217851
BMW,Model B,2006,4.0,11.504631162145408,Electric,Automatic,26378.05793568692
Audi,Model C,2015,2.6,10.553074618343693,Electric,Automatic,33287.57119482889
Honda,Model B,2013,1.2,11.202015706399143,Electric,Automatic,23081.34561554113
Ford,Model B,2014,2.7,12.17345647429554,Diesel,Manual,22546.59274546629
Toyota,Model E,2013,3.4,8.454253391642363,Petrol,Manual,29680.57288346329
Toyota,Model C,2020,3.1,10.970798354703502,Diesel,Automatic,30434.52936782139
BMW,Model A,2010,2.9,11.11945315491374,Electric,Automatic,28690.896383441363
Honda,Model B,2015,2.6,9.978455868773434,Diesel,Automatic,31353.72606151428
Toyota,Model A,2018,2.0,12.183540697023087,Electric,Automatic,24549.30951028156
BMW,Model C,2016,2.0,12.105854441053262,Electric,Manual,24126.267508872705
Audi,Model B,2005,2.8,10.801349512941849,Petrol,Manual,20466.60061376525
BMW,Model E,2010,1.6,11.91825723085538,Petrol,Manual,17309.141319888822
BMW,Model D,2016,2.2,12.098264692895869,Electric,Automatic,22971.00160315562
BMW,Model E,2008,2.1,11.984371803010973,Electric,Automatic,15794.32003811888
Ford,Model E,2017,3.1,11.927456024092004,Diesel,Manual,24023.13991479184
BMW,Model D,2016,1.2,12.082966718389233,Electric,Automatic,23412.28480882082
BMW,Model D,2011,3.9,11.507601316813528,Diesel,Manual,26243.46824677823
Ford,Model D,2021,3.0,10.415951832970627,Electric,Manual,35251.24715724207
Ford,Model B,2021,3.3,12.054220156172319,Petrol,Manual,27452.563459695324
Audi,Model A,2004,3.5,11.136091544536196,Petrol,Manual,23210.02749141077
Honda,Model A,2010,2.0,11.933797934414129,Electric,Automatic,17055.181454598933
Toyota,Model D,2003,2.6,11.825302589033797,Diesel,Manual,19333.304213128755
Toyota,Model E,2003,4.3,7.8083230503910555,Diesel,Automatic,31886.211078137727
BMW,Model C,2002,3.7,11.18936747927995,Diesel,Manual,22479.14504046849
Audi,Model D,2016,4.4,10.909600706707314,Electric,Manual,33202.29670845772
BMW,Model E,2006,3.6,11.530244618840696,Electric,Manual,21073.122393296017
Toyota,Model E,2003,1.6,9.692272572087193,Petrol,Manual,21546.099617499905
Ford,Model B,2012,1.2,11.34606772466661,Petrol,Automatic,23850.21331892312
Honda,Model B,2011,3.0,9.261983605128021,Electric,Automatic,31460.981640799622
Audi,Model A,2000,2.3,10.378976112012433,Petrol,Automatic,23103.147499916373
Ford,Model A,2020,2.0,9.77996306625063,Diesel,Automatic,28053.147378505528
Honda,Model C,2018,3.8,12.06813728394017,Diesel,Manual,25974.63032173052
Audi,Model C,2020,2.3,10.753617114156082,Electric,Automatic,29325.53777941075
Audi,Model C,2019,2.1,11.169180848581908,Diesel,Automatic,28536.44344836592
Toyota,Model C,2017,4.0,11.778369597156942,Electric,Manual,28757.617129025308
Ford,Model E,2010,4.0,11.964313137547602,Diesel,Automatic,26280.303782390474
Audi,Model E,2019,2.2,12.17658719059865,Electric,Automatic,23781.07407338705
Audi,Model A,2002,3.9,11.273131562712008,Diesel,Automatic,26701.763945774168
Honda,Model B,2016,4.0,11.048060609580439,Diesel,Automatic,30459.92937114564
Toyota,Model B,2011,2.5,9.40960098282706,Petrol,Manual,26055.64688415636
BMW,Model D,2009,1.2,12.13746184390238,Petrol,Manual,19473.63528164093
Toyota,Model E,2007,1.0,8.9085593751449,Petrol,Automatic,24997.210475801265
BMW,Model C,2014,2.8,11.079292337034143,Petrol,Manual,26872.756465282208
Ford,Model C,2004,2.2,10.422102758576948,Petrol,Automatic,24595.995757020573
Ford,Model D,2003,4.5,12.061260723444752,Petrol,Automatic,22518.719134398863
Audi,Model B,2020,3.7,11.653252465061506,Electric,Automatic,30885.181626015183
Ford,Model C,2019,3.7,10.884929118046289,Electric,Manual,31773.677143946923
Audi,Model B,2018,4.3,11.786883796202199,Petrol,Manual,29141.724390288648
Toyota,Model D,2020,4.1,11.978249411561524,Electric,Manual,29818.642995699603
Ford,Model B,2003,2.1,12.099956288740838,Petrol,Manual,16104.625910711376
Toyota,Model B,2014,1.6,12.0710429882103,Electric,Manual,22887.67011557083
Toyota,Model B,2016,3.6,11.549267037372665,Diesel,Manual,28463.17957519594
Ford,Model C,2011,2.3,11.483270058062603,Electric,Automatic,22318.62880324897
Toyota,Model A,2002,2.7,11.809601966001585,Electric,Manual,23827.258659140065
Ford,Model E,2009,3.2,11.13090340858853,Electric,Automatic,26836.62639897548
Ford,Model B,2014,4.2,12.115228478229449,Diesel,Automatic,26936.975515779075
Ford,Model B,2009,2.5,11.959346958567776,Petrol,Manual,21730.19674405176
BMW,Model B,2017,3.7,10.910368250604645,Electric,Automatic,32536.148877121777
Toyota,Model A,2000,1.9,11.94185316120606,Electric,Automatic,14666.512538513663
Honda,Model D,2002,3.4,12.041127245119725,Diesel,Automatic,12713.01859328416
Ford,Model C,2020,1.0,10.236346124873199,Petrol,Manual,27478.65751840436
Toyota,Model A,2011,4.1,11.798044255018844,Electric,Manual,26708.68842683459
Audi,Model B,2000,1.1,12.107042053567216,Diesel,Automatic,6704.953523986209
Ford,Model A,2002,3.5,11.04474417425653,Petrol,Manual,24012.58678542056
Ford,Model A,2002,1.2,11.479451408112512,Petrol,Automatic,18887.111021728648
Honda,Model A,2004,1.9,11.624270040375196,Electric,Manual,20877.707234206868
BMW,Model D,2018,2.7,10.757987983453832,Electric,Automatic,32246.16049492941
BMW,Model E,2000,2.5,10.78888599346775,Electric,Automatic,23492.883903234226
Ford,Model C,2003,1.7,11.887979474402073,Electric,Manual,19835.92276648376
Toyota,Model D,2003,2.2,12.08570564932132,Diesel,Manual,18226.33587081837
Audi,Model D,2016,3.5,12.0300631258499,Diesel,Manual,26007.61279780386
Audi,Model E,2013,3.3,10.985818008629956,Electric,Manual,28879.26029045449
Toyota,Model D,2017,1.3,12.12341903240742,Petrol,Manual,21122.62574910538
Ford,Model A,2000,3.6,11.79864561410847,Electric,Automatic,18995.45369665056
Audi,Model A,2021,1.2,11.890827511354582,Petrol,Automatic,26839.11146449125
BMW,Model B,2015,2.9,10.874285408908944,Petrol,Automatic,30804.200416601976
Toyota,Model D,2002,1.9,8.602636673233706,Petrol,Manual,22765.597091106545
Honda,Model B,2020,3.1,11.912459686757519,Diesel,Manual,30392.5755672242
Ford,Model C,2008,1.9,12.18274260421779,Petrol,Automatic,16446.89229193078
Toyota,Model A,2003,4.4,5.5093883366279774,Petrol,Automatic,27396.156707853446
Audi,Model C,2020,2.1,10.34669792688655,Diesel,Automatic,31620.864906698407
